sl_no,gender,ssc_p,ssc_b,hsc_p,hsc_b,hsc_s,degree_p,degree_t,workex,etest_p,specialisation,mba_p,status,salary,academic_progression,degree_deviation,composite_academic_score,etest_academic_ratio,degree_hiring_threshold,workex_rescued_profile,specialisation_market_tier,undergrad_stream_category,corporate_salary_band
1,M,67.0,Others,91.0,Others,Commerce,58.0,Sci&Tech,No,55.0,Mkt&HR,58.8,Placed,270000.0,24.0,-33.0,68.7,0.9482758620689655,0,0,"HR (Moderate Demand, 55.8% Placed)","Tech Premium (Sci&Tech, +INR 36k/yr)",Band 2: Core Median (INR 240k-275k)
2,M,79.33,Central,78.33,Others,Science,77.48,Sci&Tech,Yes,86.5,Mkt&Fin,66.28,Placed,200000.0,-1.0,-0.8499999999999943,75.35499999999999,1.1164171399070728,1,0,"Finance (High Demand, 79.2% Placed)","Tech Premium (Sci&Tech, +INR 36k/yr)",Band 1: Entry Tier (< INR 240k)
3,M,65.0,Central,68.0,Central,Arts,64.0,Comm&Mgmt,No,75.0,Mkt&Fin,57.8,Placed,250000.0,3.0,-4.0,63.7,1.171875,0,0,"Finance (High Demand, 79.2% Placed)","Management (Comm&Mgmt, 70.3% Placed)",Band 2: Core Median (INR 240k-275k)
4,M,56.0,Central,52.0,Central,Science,52.0,Sci&Tech,No,66.0,Mkt&HR,59.43,Not Placed,,-4.0,0.0,54.8575,1.2692307692307692,0,0,"HR (Moderate Demand, 55.8% Placed)","Tech Premium (Sci&Tech, +INR 36k/yr)",Unplaced / Not Applicable
5,M,85.8,Central,73.6,Central,Commerce,73.3,Comm&Mgmt,No,96.8,Mkt&Fin,55.5,Placed,425000.0,-12.200000000000003,-0.29999999999999716,72.05,1.320600272851296,1,0,"Finance (High Demand, 79.2% Placed)","Management (Comm&Mgmt, 70.3% Placed)",Band 4: Executive Outlier (> INR 350k)
6,M,55.0,Others,49.8,Others,Science,67.25,Sci&Tech,Yes,55.0,Mkt&Fin,51.58,Not Placed,,-5.200000000000003,17.450000000000003,55.9075,0.8178438661710037,1,0,"Finance (High Demand, 79.2% Placed)","Tech Premium (Sci&Tech, +INR 36k/yr)",Unplaced / Not Applicable
7,F,46.0,Others,49.2,Others,Commerce,79.0,Comm&Mgmt,No,74.28,Mkt&Fin,53.29,Not Placed,,3.200000000000003,29.799999999999997,56.872499999999995,0.9402531645569621,1,0,"Finance (High Demand, 79.2% Placed)","Management (Comm&Mgmt, 70.3% Placed)",Unplaced / Not Applicable
8,M,82.0,Central,64.0,Central,Science,66.0,Sci&Tech,Yes,67.0,Mkt&Fin,62.14,Placed,252000.0,-18.0,2.0,68.535,1.0151515151515151,1,0,"Finance (High Demand, 79.2% Placed)","Tech Premium (Sci&Tech, +INR 36k/yr)",Band 2: Core Median (INR 240k-275k)
9,M,73.0,Central,79.0,Central,Commerce,72.0,Comm&Mgmt,No,91.34,Mkt&Fin,61.29,Placed,231000.0,6.0,-7.0,71.3225,1.2686111111111111,1,0,"Finance (High Demand, 79.2% Placed)","Management (Comm&Mgmt, 70.3% Placed)",Band 1: Entry Tier (< INR 240k)
10,M,58.0,Central,70.0,Central,Commerce,61.0,Comm&Mgmt,No,54.0,Mkt&Fin,52.21,Not Placed,,12.0,-9.0,60.3025,0.8852459016393442,0,0,"Finance (High Demand, 79.2% Placed)","Management (Comm&Mgmt, 70.3% Placed)",Unplaced / Not Applicable
11,M,58.0,Central,61.0,Central,Commerce,60.0,Comm&Mgmt,Yes,62.0,Mkt&HR,60.85,Placed,260000.0,3.0,-1.0,59.9625,1.0333333333333334,0,1,"HR (Moderate Demand, 55.8% Placed)","Management (Comm&Mgmt, 70.3% Placed)",Band 2: Core Median (INR 240k-275k)
12,M,69.6,Central,68.4,Central,Commerce,78.3,Comm&Mgmt,Yes,60.0,Mkt&Fin,63.7,Placed,250000.0,-1.1999999999999886,9.899999999999991,70.0,0.7662835249042146,1,0,"Finance (High Demand, 79.2% Placed)","Management (Comm&Mgmt, 70.3% Placed)",Band 2: Core Median (INR 240k-275k)
13,F,47.0,Central,55.0,Others,Science,65.0,Comm&Mgmt,No,62.0,Mkt&HR,65.04,Not Placed,,8.0,10.0,58.010000000000005,0.9538461538461539,1,0,"HR (Moderate Demand, 55.8% Placed)","Management (Comm&Mgmt, 70.3% Placed)",Unplaced / Not Applicable
14,F,77.0,Central,87.0,Central,Commerce,59.0,Comm&Mgmt,No,68.0,Mkt&Fin,68.63,Placed,218000.0,10.0,-28.0,72.9075,1.152542372881356,0,0,"Finance (High Demand, 79.2% Placed)","Management (Comm&Mgmt, 70.3% Placed)",Band 1: Entry Tier (< INR 240k)
15,M,62.0,Central,47.0,Central,Commerce,50.0,Comm&Mgmt,No,76.0,Mkt&HR,54.96,Not Placed,,-15.0,3.0,53.49,1.52,0,0,"HR (Moderate Demand, 55.8% Placed)","Management (Comm&Mgmt, 70.3% Placed)",Unplaced / Not Applicable
16,F,65.0,Central,75.0,Central,Commerce,69.0,Comm&Mgmt,Yes,72.0,Mkt&Fin,64.66,Placed,200000.0,10.0,-6.0,68.41499999999999,1.0434782608695652,1,0,"Finance (High Demand, 79.2% Placed)","Management (Comm&Mgmt, 70.3% Placed)",Band 1: Entry Tier (< INR 240k)
17,M,63.0,Central,66.2,Central,Commerce,65.6,Comm&Mgmt,Yes,60.0,Mkt&Fin,62.54,Placed,300000.0,3.200000000000003,-0.6000000000000085,64.335,0.9146341463414634,1,0,"Finance (High Demand, 79.2% Placed)","Management (Comm&Mgmt, 70.3% Placed)",Band 3: Premium Tier (INR 275k-350k)
18,F,55.0,Central,67.0,Central,Commerce,64.0,Comm&Mgmt,No,60.0,Mkt&Fin,67.28,Not Placed,,12.0,-3.0,63.32,0.9375,0,0,"Finance (High Demand, 79.2% Placed)","Management (Comm&Mgmt, 70.3% Placed)",Unplaced / Not Applicable
19,F,63.0,Central,66.0,Central,Commerce,64.0,Comm&Mgmt,No,68.0,Mkt&HR,64.08,Not Placed,,3.0,-2.0,64.27,1.0625,0,0,"HR (Moderate Demand, 55.8% Placed)","Management (Comm&Mgmt, 70.3% Placed)",Unplaced / Not Applicable
20,M,60.0,Others,67.0,Others,Arts,70.0,Comm&Mgmt,Yes,50.48,Mkt&Fin,77.89,Placed,236000.0,7.0,3.0,68.7225,0.7211428571428571,1,0,"Finance (High Demand, 79.2% Placed)","Management (Comm&Mgmt, 70.3% Placed)",Band 1: Entry Tier (< INR 240k)
21,M,62.0,Others,65.0,Others,Commerce,66.0,Comm&Mgmt,No,50.0,Mkt&HR,56.7,Placed,265000.0,3.0,1.0,62.425,0.7575757575757576,1,0,"HR (Moderate Demand, 55.8% Placed)","Management (Comm&Mgmt, 70.3% Placed)",Band 2: Core Median (INR 240k-275k)
22,F,79.0,Others,76.0,Others,Commerce,85.0,Comm&Mgmt,No,95.0,Mkt&Fin,69.06,Placed,393000.0,-3.0,9.0,77.265,1.1176470588235294,1,0,"Finance (High Demand, 79.2% Placed)","Management (Comm&Mgmt, 70.3% Placed)",Band 4: Executive Outlier (> INR 350k)
23,F,69.8,Others,60.8,Others,Science,72.23,Sci&Tech,No,55.53,Mkt&HR,68.81,Placed,360000.0,-9.0,11.430000000000007,67.91,0.7687941298629378,1,0,"HR (Moderate Demand, 55.8% Placed)","Tech Premium (Sci&Tech, +INR 36k/yr)",Band 4: Executive Outlier (> INR 350k)
24,F,77.4,Others,60.0,Others,Science,64.74,Sci&Tech,Yes,92.0,Mkt&Fin,63.62,Placed,300000.0,-17.400000000000006,4.739999999999995,66.44,1.421068890948409,0,1,"Finance (High Demand, 79.2% Placed)","Tech Premium (Sci&Tech, +INR 36k/yr)",Band 3: Premium Tier (INR 275k-350k)
25,M,76.5,Others,97.7,Others,Science,78.86,Sci&Tech,No,97.4,Mkt&Fin,74.01,Placed,360000.0,21.200000000000003,-18.840000000000003,81.7675,1.2351001775297998,1,0,"Finance (High Demand, 79.2% Placed)","Tech Premium (Sci&Tech, +INR 36k/yr)",Band 4: Executive Outlier (> INR 350k)
26,F,52.58,Others,54.6,Central,Commerce,50.2,Comm&Mgmt,Yes,76.0,Mkt&Fin,65.33,Not Placed,,2.020000000000003,-4.399999999999999,55.677499999999995,1.5139442231075697,0,1,"Finance (High Demand, 79.2% Placed)","Management (Comm&Mgmt, 70.3% Placed)",Unplaced / Not Applicable
27,M,71.0,Others,79.0,Others,Commerce,66.0,Comm&Mgmt,Yes,94.0,Mkt&Fin,57.55,Placed,240000.0,8.0,-13.0,68.3875,1.4242424242424243,1,0,"Finance (High Demand, 79.2% Placed)","Management (Comm&Mgmt, 70.3% Placed)",Band 2: Core Median (INR 240k-275k)
28,M,63.0,Others,67.0,Others,Commerce,66.0,Comm&Mgmt,No,68.0,Mkt&HR,57.69,Placed,265000.0,4.0,-1.0,63.4225,1.0303030303030303,1,0,"HR (Moderate Demand, 55.8% Placed)","Management (Comm&Mgmt, 70.3% Placed)",Band 2: Core Median (INR 240k-275k)
29,M,76.76,Others,76.5,Others,Commerce,67.5,Comm&Mgmt,Yes,73.35,Mkt&Fin,64.15,Placed,350000.0,-0.2600000000000051,-9.0,71.22749999999999,1.0866666666666667,1,0,"Finance (High Demand, 79.2% Placed)","Management (Comm&Mgmt, 70.3% Placed)",Band 3: Premium Tier (INR 275k-350k)
30,M,62.0,Central,67.0,Central,Commerce,58.0,Comm&Mgmt,No,77.0,Mkt&Fin,51.29,Not Placed,,5.0,-9.0,59.5725,1.3275862068965518,0,0,"Finance (High Demand, 79.2% Placed)","Management (Comm&Mgmt, 70.3% Placed)",Unplaced / Not Applicable
31,F,64.0,Central,73.5,Central,Commerce,73.0,Comm&Mgmt,No,52.0,Mkt&HR,56.7,Placed,250000.0,9.5,-0.5,66.8,0.7123287671232876,1,0,"HR (Moderate Demand, 55.8% Placed)","Management (Comm&Mgmt, 70.3% Placed)",Band 2: Core Median (INR 240k-275k)
32,F,67.0,Central,53.0,Central,Science,65.0,Sci&Tech,No,64.0,Mkt&HR,58.32,Not Placed,,-14.0,12.0,60.83,0.9846153846153847,1,0,"HR (Moderate Demand, 55.8% Placed)","Tech Premium (Sci&Tech, +INR 36k/yr)",Unplaced / Not Applicable
33,F,61.0,Central,81.0,Central,Commerce,66.4,Comm&Mgmt,No,50.89,Mkt&HR,62.21,Placed,278000.0,20.0,-14.599999999999994,67.6525,0.7664156626506023,1,0,"HR (Moderate Demand, 55.8% Placed)","Management (Comm&Mgmt, 70.3% Placed)",Band 3: Premium Tier (INR 275k-350k)
34,F,87.0,Others,65.0,Others,Science,81.0,Comm&Mgmt,Yes,88.0,Mkt&Fin,72.78,Placed,260000.0,-22.0,16.0,76.445,1.0864197530864197,1,0,"Finance (High Demand, 79.2% Placed)","Management (Comm&Mgmt, 70.3% Placed)",Band 2: Core Median (INR 240k-275k)
35,M,62.0,Others,51.0,Others,Science,52.0,Others,No,68.44,Mkt&HR,62.77,Not Placed,,-11.0,1.0,56.9425,1.316153846153846,0,0,"HR (Moderate Demand, 55.8% Placed)","Arts/Humanities (Others, 45.5% Placed)",Unplaced / Not Applicable
36,F,69.0,Central,78.0,Central,Commerce,72.0,Comm&Mgmt,No,71.0,Mkt&HR,62.74,Placed,300000.0,9.0,-6.0,70.435,0.9861111111111112,1,0,"HR (Moderate Demand, 55.8% Placed)","Management (Comm&Mgmt, 70.3% Placed)",Band 3: Premium Tier (INR 275k-350k)
37,M,51.0,Central,44.0,Central,Commerce,57.0,Comm&Mgmt,No,64.0,Mkt&Fin,51.45,Not Placed,,-7.0,13.0,50.8625,1.1228070175438596,0,0,"Finance (High Demand, 79.2% Placed)","Management (Comm&Mgmt, 70.3% Placed)",Unplaced / Not Applicable
38,F,79.0,Central,76.0,Central,Science,65.6,Sci&Tech,No,58.0,Mkt&HR,55.47,Placed,320000.0,-3.0,-10.400000000000006,69.0175,0.8841463414634148,1,0,"HR (Moderate Demand, 55.8% Placed)","Tech Premium (Sci&Tech, +INR 36k/yr)",Band 3: Premium Tier (INR 275k-350k)
39,F,73.0,Others,58.0,Others,Science,66.0,Comm&Mgmt,No,53.7,Mkt&HR,56.86,Placed,240000.0,-15.0,8.0,63.465,0.8136363636363637,1,0,"HR (Moderate Demand, 55.8% Placed)","Management (Comm&Mgmt, 70.3% Placed)",Band 2: Core Median (INR 240k-275k)
40,M,81.0,Others,68.0,Others,Science,64.0,Sci&Tech,No,93.0,Mkt&Fin,62.56,Placed,411000.0,-13.0,-4.0,68.89,1.453125,0,0,"Finance (High Demand, 79.2% Placed)","Tech Premium (Sci&Tech, +INR 36k/yr)",Band 4: Executive Outlier (> INR 350k)
41,F,78.0,Central,77.0,Others,Commerce,80.0,Comm&Mgmt,No,60.0,Mkt&Fin,66.72,Placed,287000.0,-1.0,3.0,75.43,0.75,1,0,"Finance (High Demand, 79.2% Placed)","Management (Comm&Mgmt, 70.3% Placed)",Band 3: Premium Tier (INR 275k-350k)
42,F,74.0,Others,63.16,Others,Commerce,65.0,Comm&Mgmt,Yes,65.0,Mkt&HR,69.76,Not Placed,,-10.840000000000003,1.8400000000000034,67.98,1.0,1,0,"HR (Moderate Demand, 55.8% Placed)","Management (Comm&Mgmt, 70.3% Placed)",Unplaced / Not Applicable
43,M,49.0,Others,39.0,Central,Science,65.0,Others,No,63.0,Mkt&Fin,51.21,Not Placed,,-10.0,26.0,51.0525,0.9692307692307692,1,0,"Finance (High Demand, 79.2% Placed)","Arts/Humanities (Others, 45.5% Placed)",Unplaced / Not Applicable
44,M,87.0,Others,87.0,Others,Commerce,68.0,Comm&Mgmt,No,95.0,Mkt&HR,62.9,Placed,300000.0,0.0,-19.0,76.225,1.3970588235294117,1,0,"HR (Moderate Demand, 55.8% Placed)","Management (Comm&Mgmt, 70.3% Placed)",Band 3: Premium Tier (INR 275k-350k)
45,F,77.0,Others,73.0,Others,Commerce,81.0,Comm&Mgmt,Yes,89.0,Mkt&Fin,69.7,Placed,200000.0,-4.0,8.0,75.175,1.0987654320987654,1,0,"Finance (High Demand, 79.2% Placed)","Management (Comm&Mgmt, 70.3% Placed)",Band 1: Entry Tier (< INR 240k)
46,F,76.0,Central,64.0,Central,Science,72.0,Sci&Tech,No,58.0,Mkt&HR,66.53,Not Placed,,-12.0,8.0,69.6325,0.8055555555555556,1,0,"HR (Moderate Demand, 55.8% Placed)","Tech Premium (Sci&Tech, +INR 36k/yr)",Unplaced / Not Applicable
47,F,70.89,Others,71.98,Others,Science,65.6,Comm&Mgmt,No,68.0,Mkt&HR,71.63,Not Placed,,1.0900000000000034,-6.38000000000001,70.025,1.0365853658536586,1,0,"HR (Moderate Demand, 55.8% Placed)","Management (Comm&Mgmt, 70.3% Placed)",Unplaced / Not Applicable
48,M,63.0,Central,60.0,Central,Commerce,57.0,Comm&Mgmt,Yes,78.0,Mkt&Fin,54.55,Placed,204000.0,-3.0,-3.0,58.6375,1.368421052631579,0,1,"Finance (High Demand, 79.2% Placed)","Management (Comm&Mgmt, 70.3% Placed)",Band 1: Entry Tier (< INR 240k)
49,M,63.0,Others,62.0,Others,Commerce,68.0,Comm&Mgmt,No,64.0,Mkt&Fin,62.46,Placed,250000.0,-1.0,6.0,63.865,0.9411764705882353,1,0,"Finance (High Demand, 79.2% Placed)","Management (Comm&Mgmt, 70.3% Placed)",Band 2: Core Median (INR 240k-275k)
50,F,50.0,Others,37.0,Others,Arts,52.0,Others,No,65.0,Mkt&HR,56.11,Not Placed,,-13.0,15.0,48.7775,1.25,0,0,"HR (Moderate Demand, 55.8% Placed)","Arts/Humanities (Others, 45.5% Placed)",Unplaced / Not Applicable
51,F,75.2,Central,73.2,Central,Science,68.4,Comm&Mgmt,No,65.0,Mkt&HR,62.98,Placed,200000.0,-2.0,-4.799999999999997,69.94500000000001,0.9502923976608186,1,0,"HR (Moderate Demand, 55.8% Placed)","Management (Comm&Mgmt, 70.3% Placed)",Band 1: Entry Tier (< INR 240k)
52,M,54.4,Central,61.12,Central,Commerce,56.2,Comm&Mgmt,No,67.0,Mkt&HR,62.65,Not Placed,,6.719999999999999,-4.919999999999995,58.5925,1.1921708185053381,0,0,"HR (Moderate Demand, 55.8% Placed)","Management (Comm&Mgmt, 70.3% Placed)",Unplaced / Not Applicable
53,F,40.89,Others,45.83,Others,Commerce,53.0,Comm&Mgmt,No,71.2,Mkt&HR,65.49,Not Placed,,4.939999999999998,7.170000000000002,51.302499999999995,1.3433962264150945,0,0,"HR (Moderate Demand, 55.8% Placed)","Management (Comm&Mgmt, 70.3% Placed)",Unplaced / Not Applicable
54,M,80.0,Others,70.0,Others,Science,72.0,Sci&Tech,No,87.0,Mkt&HR,71.04,Placed,450000.0,-10.0,2.0,73.26,1.2083333333333333,1,0,"HR (Moderate Demand, 55.8% Placed)","Tech Premium (Sci&Tech, +INR 36k/yr)",Band 4: Executive Outlier (> INR 350k)
55,F,74.0,Central,60.0,Others,Science,69.0,Comm&Mgmt,No,78.0,Mkt&HR,65.56,Placed,216000.0,-14.0,9.0,67.14,1.1304347826086956,1,0,"HR (Moderate Demand, 55.8% Placed)","Management (Comm&Mgmt, 70.3% Placed)",Band 1: Entry Tier (< INR 240k)
56,M,60.4,Central,66.6,Others,Science,65.0,Comm&Mgmt,No,71.0,Mkt&HR,52.71,Placed,220000.0,6.199999999999996,-1.5999999999999943,61.1775,1.0923076923076922,1,0,"HR (Moderate Demand, 55.8% Placed)","Management (Comm&Mgmt, 70.3% Placed)",Band 1: Entry Tier (< INR 240k)
57,M,63.0,Others,71.4,Others,Commerce,61.4,Comm&Mgmt,No,68.0,Mkt&Fin,66.88,Placed,240000.0,8.400000000000006,-10.000000000000007,65.67,1.1074918566775245,0,0,"Finance (High Demand, 79.2% Placed)","Management (Comm&Mgmt, 70.3% Placed)",Band 2: Core Median (INR 240k-275k)
58,M,68.0,Central,76.0,Central,Commerce,74.0,Comm&Mgmt,No,80.0,Mkt&Fin,63.59,Placed,360000.0,8.0,-2.0,70.39750000000001,1.0810810810810811,1,0,"Finance (High Demand, 79.2% Placed)","Management (Comm&Mgmt, 70.3% Placed)",Band 4: Executive Outlier (> INR 350k)
59,M,74.0,Central,62.0,Others,Science,68.0,Comm&Mgmt,No,74.0,Mkt&Fin,57.99,Placed,268000.0,-12.0,6.0,65.4975,1.088235294117647,1,0,"Finance (High Demand, 79.2% Placed)","Management (Comm&Mgmt, 70.3% Placed)",Band 2: Core Median (INR 240k-275k)
60,M,52.6,Central,65.58,Others,Science,72.11,Sci&Tech,No,57.6,Mkt&Fin,56.66,Placed,265000.0,12.979999999999997,6.530000000000001,61.737500000000004,0.7987796422132852,1,0,"Finance (High Demand, 79.2% Placed)","Tech Premium (Sci&Tech, +INR 36k/yr)",Band 2: Core Median (INR 240k-275k)
61,M,74.0,Central,70.0,Central,Science,72.0,Comm&Mgmt,Yes,60.0,Mkt&Fin,57.24,Placed,260000.0,-4.0,2.0,68.31,0.8333333333333334,1,0,"Finance (High Demand, 79.2% Placed)","Management (Comm&Mgmt, 70.3% Placed)",Band 2: Core Median (INR 240k-275k)
62,M,84.2,Central,73.4,Central,Commerce,66.89,Comm&Mgmt,No,61.6,Mkt&Fin,62.48,Placed,300000.0,-10.799999999999997,-6.510000000000005,71.7425,0.9209149349678577,1,0,"Finance (High Demand, 79.2% Placed)","Management (Comm&Mgmt, 70.3% Placed)",Band 3: Premium Tier (INR 275k-350k)
63,F,86.5,Others,64.2,Others,Science,67.4,Sci&Tech,No,59.0,Mkt&Fin,59.69,Placed,240000.0,-22.299999999999997,3.200000000000003,69.44749999999999,0.8753709198813056,1,0,"Finance (High Demand, 79.2% Placed)","Tech Premium (Sci&Tech, +INR 36k/yr)",Band 2: Core Median (INR 240k-275k)
64,M,61.0,Others,70.0,Others,Commerce,64.0,Comm&Mgmt,No,68.5,Mkt&HR,59.5,Not Placed,,9.0,-6.0,63.625,1.0703125,0,0,"HR (Moderate Demand, 55.8% Placed)","Management (Comm&Mgmt, 70.3% Placed)",Unplaced / Not Applicable
65,M,80.0,Others,73.0,Others,Commerce,75.0,Comm&Mgmt,No,61.0,Mkt&Fin,58.78,Placed,240000.0,-7.0,2.0,71.695,0.8133333333333334,1,0,"Finance (High Demand, 79.2% Placed)","Management (Comm&Mgmt, 70.3% Placed)",Band 2: Core Median (INR 240k-275k)
66,M,54.0,Others,47.0,Others,Science,57.0,Comm&Mgmt,No,89.69,Mkt&HR,57.1,Not Placed,,-7.0,10.0,53.775,1.5735087719298244,0,0,"HR (Moderate Demand, 55.8% Placed)","Management (Comm&Mgmt, 70.3% Placed)",Unplaced / Not Applicable
67,M,83.0,Others,74.0,Others,Science,66.0,Comm&Mgmt,No,68.92,Mkt&HR,58.46,Placed,275000.0,-9.0,-8.0,70.365,1.0442424242424242,1,0,"HR (Moderate Demand, 55.8% Placed)","Management (Comm&Mgmt, 70.3% Placed)",Band 2: Core Median (INR 240k-275k)
68,M,80.92,Others,78.5,Others,Commerce,67.0,Comm&Mgmt,No,68.71,Mkt&Fin,60.99,Placed,275000.0,-2.4200000000000017,-11.5,71.8525,1.0255223880597013,1,0,"Finance (High Demand, 79.2% Placed)","Management (Comm&Mgmt, 70.3% Placed)",Band 2: Core Median (INR 240k-275k)
69,F,69.7,Central,47.0,Central,Commerce,72.7,Sci&Tech,No,79.0,Mkt&HR,59.24,Not Placed,,-22.700000000000003,25.700000000000003,62.160000000000004,1.0866574965612104,1,0,"HR (Moderate Demand, 55.8% Placed)","Tech Premium (Sci&Tech, +INR 36k/yr)",Unplaced / Not Applicable
70,M,73.0,Central,73.0,Central,Science,66.0,Sci&Tech,Yes,70.0,Mkt&Fin,68.07,Placed,275000.0,0.0,-7.0,70.0175,1.0606060606060606,1,0,"Finance (High Demand, 79.2% Placed)","Tech Premium (Sci&Tech, +INR 36k/yr)",Band 2: Core Median (INR 240k-275k)
71,M,82.0,Others,61.0,Others,Science,62.0,Sci&Tech,No,89.0,Mkt&Fin,65.45,Placed,360000.0,-21.0,1.0,67.6125,1.435483870967742,0,0,"Finance (High Demand, 79.2% Placed)","Tech Premium (Sci&Tech, +INR 36k/yr)",Band 4: Executive Outlier (> INR 350k)
72,M,75.0,Others,70.29,Others,Commerce,71.0,Comm&Mgmt,No,95.0,Mkt&Fin,66.94,Placed,240000.0,-4.709999999999994,0.7099999999999937,70.8075,1.3380281690140845,1,0,"Finance (High Demand, 79.2% Placed)","Management (Comm&Mgmt, 70.3% Placed)",Band 2: Core Median (INR 240k-275k)
73,M,84.86,Others,67.0,Others,Science,78.0,Comm&Mgmt,No,95.5,Mkt&Fin,68.53,Placed,240000.0,-17.86,11.0,74.5975,1.2243589743589745,1,0,"Finance (High Demand, 79.2% Placed)","Management (Comm&Mgmt, 70.3% Placed)",Band 2: Core Median (INR 240k-275k)
74,M,64.6,Central,83.83,Others,Commerce,71.72,Comm&Mgmt,No,86.0,Mkt&Fin,59.75,Placed,218000.0,19.230000000000004,-12.11,69.975,1.1991076408254322,1,0,"Finance (High Demand, 79.2% Placed)","Management (Comm&Mgmt, 70.3% Placed)",Band 1: Entry Tier (< INR 240k)
75,M,56.6,Central,64.8,Central,Commerce,70.2,Comm&Mgmt,No,84.27,Mkt&Fin,67.2,Placed,336000.0,8.199999999999996,5.400000000000006,64.7,1.2004273504273504,1,0,"Finance (High Demand, 79.2% Placed)","Management (Comm&Mgmt, 70.3% Placed)",Band 3: Premium Tier (INR 275k-350k)
76,F,59.0,Central,62.0,Others,Commerce,77.5,Comm&Mgmt,No,74.0,Mkt&HR,67.0,Not Placed,,3.0,15.5,66.375,0.9548387096774194,1,0,"HR (Moderate Demand, 55.8% Placed)","Management (Comm&Mgmt, 70.3% Placed)",Unplaced / Not Applicable
77,F,66.5,Others,70.4,Central,Arts,71.93,Comm&Mgmt,No,61.0,Mkt&Fin,64.27,Placed,230000.0,3.9000000000000057,1.5300000000000011,68.275,0.84804671208119,1,0,"Finance (High Demand, 79.2% Placed)","Management (Comm&Mgmt, 70.3% Placed)",Band 1: Entry Tier (< INR 240k)
78,M,64.0,Others,80.0,Others,Science,65.0,Sci&Tech,Yes,69.0,Mkt&Fin,57.65,Placed,500000.0,16.0,-15.0,66.6625,1.0615384615384615,1,0,"Finance (High Demand, 79.2% Placed)","Tech Premium (Sci&Tech, +INR 36k/yr)",Band 4: Executive Outlier (> INR 350k)
79,M,84.0,Others,90.9,Others,Science,64.5,Sci&Tech,No,86.04,Mkt&Fin,59.42,Placed,270000.0,6.900000000000006,-26.400000000000006,74.705,1.3339534883720932,0,0,"Finance (High Demand, 79.2% Placed)","Tech Premium (Sci&Tech, +INR 36k/yr)",Band 2: Core Median (INR 240k-275k)
80,F,69.0,Central,62.0,Central,Science,66.0,Sci&Tech,No,75.0,Mkt&HR,67.99,Not Placed,,-7.0,4.0,66.2475,1.1363636363636365,1,0,"HR (Moderate Demand, 55.8% Placed)","Tech Premium (Sci&Tech, +INR 36k/yr)",Unplaced / Not Applicable
81,F,69.0,Others,62.0,Others,Commerce,69.0,Comm&Mgmt,Yes,67.0,Mkt&HR,62.35,Placed,240000.0,-7.0,7.0,65.5875,0.9710144927536232,1,0,"HR (Moderate Demand, 55.8% Placed)","Management (Comm&Mgmt, 70.3% Placed)",Band 2: Core Median (INR 240k-275k)
82,M,81.7,Others,63.0,Others,Science,67.0,Comm&Mgmt,Yes,86.0,Mkt&Fin,70.2,Placed,300000.0,-18.700000000000003,4.0,70.475,1.2835820895522387,1,0,"Finance (High Demand, 79.2% Placed)","Management (Comm&Mgmt, 70.3% Placed)",Band 3: Premium Tier (INR 275k-350k)
83,M,63.0,Central,67.0,Central,Commerce,74.0,Comm&Mgmt,No,82.0,Mkt&Fin,60.44,Not Placed,,4.0,7.0,66.11,1.1081081081081081,1,0,"Finance (High Demand, 79.2% Placed)","Management (Comm&Mgmt, 70.3% Placed)",Unplaced / Not Applicable
84,M,84.0,Others,79.0,Others,Science,68.0,Sci&Tech,Yes,84.0,Mkt&Fin,66.69,Placed,300000.0,-5.0,-11.0,74.4225,1.2352941176470589,1,0,"Finance (High Demand, 79.2% Placed)","Tech Premium (Sci&Tech, +INR 36k/yr)",Band 3: Premium Tier (INR 275k-350k)
85,M,70.0,Central,63.0,Others,Science,70.0,Sci&Tech,Yes,55.0,Mkt&Fin,62.0,Placed,300000.0,-7.0,7.0,66.25,0.7857142857142857,1,0,"Finance (High Demand, 79.2% Placed)","Tech Premium (Sci&Tech, +INR 36k/yr)",Band 3: Premium Tier (INR 275k-350k)
86,F,83.84,Others,89.83,Others,Commerce,77.2,Comm&Mgmt,Yes,78.74,Mkt&Fin,76.18,Placed,400000.0,5.989999999999995,-12.629999999999995,81.7625,1.0199481865284974,1,0,"Finance (High Demand, 79.2% Placed)","Management (Comm&Mgmt, 70.3% Placed)",Band 4: Executive Outlier (> INR 350k)
87,M,62.0,Others,63.0,Others,Commerce,64.0,Comm&Mgmt,No,67.0,Mkt&Fin,57.03,Placed,220000.0,1.0,1.0,61.5075,1.046875,0,0,"Finance (High Demand, 79.2% Placed)","Management (Comm&Mgmt, 70.3% Placed)",Band 1: Entry Tier (< INR 240k)
88,M,59.6,Central,51.0,Central,Science,60.0,Others,No,75.0,Mkt&HR,59.08,Not Placed,,-8.600000000000001,9.0,57.42,1.25,0,0,"HR (Moderate Demand, 55.8% Placed)","Arts/Humanities (Others, 45.5% Placed)",Unplaced / Not Applicable
89,F,66.0,Central,62.0,Central,Commerce,73.0,Comm&Mgmt,No,58.0,Mkt&HR,64.36,Placed,210000.0,-4.0,11.0,66.34,0.7945205479452054,1,0,"HR (Moderate Demand, 55.8% Placed)","Management (Comm&Mgmt, 70.3% Placed)",Band 1: Entry Tier (< INR 240k)
90,F,84.0,Others,75.0,Others,Science,69.0,Sci&Tech,Yes,62.0,Mkt&HR,62.36,Placed,210000.0,-9.0,-6.0,72.59,0.8985507246376812,1,0,"HR (Moderate Demand, 55.8% Placed)","Tech Premium (Sci&Tech, +INR 36k/yr)",Band 1: Entry Tier (< INR 240k)
91,F,85.0,Others,90.0,Others,Commerce,82.0,Comm&Mgmt,No,92.0,Mkt&Fin,68.03,Placed,300000.0,5.0,-8.0,81.2575,1.1219512195121952,1,0,"Finance (High Demand, 79.2% Placed)","Management (Comm&Mgmt, 70.3% Placed)",Band 3: Premium Tier (INR 275k-350k)
92,M,52.0,Central,57.0,Central,Commerce,50.8,Comm&Mgmt,No,67.0,Mkt&HR,62.79,Not Placed,,5.0,-6.200000000000003,55.6475,1.3188976377952757,0,0,"HR (Moderate Demand, 55.8% Placed)","Management (Comm&Mgmt, 70.3% Placed)",Unplaced / Not Applicable
93,F,60.23,Central,69.0,Central,Science,66.0,Comm&Mgmt,No,72.0,Mkt&Fin,59.47,Placed,230000.0,8.770000000000003,-3.0,63.675,1.0909090909090908,1,0,"Finance (High Demand, 79.2% Placed)","Management (Comm&Mgmt, 70.3% Placed)",Band 1: Entry Tier (< INR 240k)
94,M,52.0,Central,62.0,Central,Commerce,54.0,Comm&Mgmt,No,72.0,Mkt&HR,55.41,Not Placed,,10.0,-8.0,55.8525,1.3333333333333333,0,0,"HR (Moderate Demand, 55.8% Placed)","Management (Comm&Mgmt, 70.3% Placed)",Unplaced / Not Applicable
95,M,58.0,Central,62.0,Central,Commerce,64.0,Comm&Mgmt,No,53.88,Mkt&Fin,54.97,Placed,260000.0,4.0,2.0,59.7425,0.841875,0,0,"Finance (High Demand, 79.2% Placed)","Management (Comm&Mgmt, 70.3% Placed)",Band 2: Core Median (INR 240k-275k)
96,M,73.0,Central,78.0,Others,Commerce,65.0,Comm&Mgmt,Yes,95.46,Mkt&Fin,62.16,Placed,420000.0,5.0,-13.0,69.53999999999999,1.4686153846153844,1,0,"Finance (High Demand, 79.2% Placed)","Management (Comm&Mgmt, 70.3% Placed)",Band 4: Executive Outlier (> INR 350k)
97,F,76.0,Central,70.0,Central,Science,76.0,Comm&Mgmt,Yes,66.0,Mkt&Fin,64.44,Placed,300000.0,-6.0,6.0,71.61,0.868421052631579,1,0,"Finance (High Demand, 79.2% Placed)","Management (Comm&Mgmt, 70.3% Placed)",Band 3: Premium Tier (INR 275k-350k)
98,F,70.5,Central,62.5,Others,Commerce,61.0,Comm&Mgmt,No,93.91,Mkt&Fin,69.03,Not Placed,,-8.0,-1.5,65.7575,1.5395081967213113,0,0,"Finance (High Demand, 79.2% Placed)","Management (Comm&Mgmt, 70.3% Placed)",Unplaced / Not Applicable
99,F,69.0,Central,73.0,Central,Commerce,65.0,Comm&Mgmt,No,70.0,Mkt&Fin,57.31,Placed,220000.0,4.0,-8.0,66.0775,1.0769230769230769,1,0,"Finance (High Demand, 79.2% Placed)","Management (Comm&Mgmt, 70.3% Placed)",Band 1: Entry Tier (< INR 240k)
100,M,54.0,Central,82.0,Others,Commerce,63.0,Sci&Tech,No,50.0,Mkt&Fin,59.47,Not Placed,,28.0,-19.0,64.6175,0.7936507936507936,0,0,"Finance (High Demand, 79.2% Placed)","Tech Premium (Sci&Tech, +INR 36k/yr)",Unplaced / Not Applicable
101,F,45.0,Others,57.0,Others,Commerce,58.0,Comm&Mgmt,Yes,56.39,Mkt&HR,64.95,Not Placed,,12.0,1.0,56.2375,0.9722413793103448,0,1,"HR (Moderate Demand, 55.8% Placed)","Management (Comm&Mgmt, 70.3% Placed)",Unplaced / Not Applicable
102,M,63.0,Central,72.0,Central,Commerce,68.0,Comm&Mgmt,No,78.0,Mkt&HR,60.44,Placed,380000.0,9.0,-4.0,65.86,1.1470588235294117,1,0,"HR (Moderate Demand, 55.8% Placed)","Management (Comm&Mgmt, 70.3% Placed)",Band 4: Executive Outlier (> INR 350k)
103,F,77.0,Others,61.0,Others,Commerce,68.0,Comm&Mgmt,Yes,57.5,Mkt&Fin,61.31,Placed,300000.0,-16.0,7.0,66.8275,0.8455882352941176,1,0,"Finance (High Demand, 79.2% Placed)","Management (Comm&Mgmt, 70.3% Placed)",Band 3: Premium Tier (INR 275k-350k)
104,M,73.0,Central,78.0,Central,Science,73.0,Sci&Tech,Yes,85.0,Mkt&HR,65.83,Placed,240000.0,5.0,-5.0,72.4575,1.1643835616438356,1,0,"HR (Moderate Demand, 55.8% Placed)","Tech Premium (Sci&Tech, +INR 36k/yr)",Band 2: Core Median (INR 240k-275k)
105,M,69.0,Central,63.0,Others,Science,65.0,Comm&Mgmt,Yes,55.0,Mkt&HR,58.23,Placed,360000.0,-6.0,2.0,63.8075,0.8461538461538461,1,0,"HR (Moderate Demand, 55.8% Placed)","Management (Comm&Mgmt, 70.3% Placed)",Band 4: Executive Outlier (> INR 350k)
106,M,59.0,Central,64.0,Others,Science,58.0,Sci&Tech,No,85.0,Mkt&HR,55.3,Not Placed,,5.0,-6.0,59.075,1.4655172413793103,0,0,"HR (Moderate Demand, 55.8% Placed)","Tech Premium (Sci&Tech, +INR 36k/yr)",Unplaced / Not Applicable
107,M,61.08,Others,50.0,Others,Science,54.0,Sci&Tech,No,71.0,Mkt&Fin,65.69,Not Placed,,-11.079999999999998,4.0,57.692499999999995,1.3148148148148149,0,0,"Finance (High Demand, 79.2% Placed)","Tech Premium (Sci&Tech, +INR 36k/yr)",Unplaced / Not Applicable
108,M,82.0,Others,90.0,Others,Commerce,83.0,Comm&Mgmt,No,80.0,Mkt&HR,73.52,Placed,200000.0,8.0,-7.0,82.13,0.963855421686747,1,0,"HR (Moderate Demand, 55.8% Placed)","Management (Comm&Mgmt, 70.3% Placed)",Band 1: Entry Tier (< INR 240k)
109,M,61.0,Central,82.0,Central,Commerce,69.0,Comm&Mgmt,No,84.0,Mkt&Fin,58.31,Placed,300000.0,21.0,-13.0,67.5775,1.2173913043478262,1,0,"Finance (High Demand, 79.2% Placed)","Management (Comm&Mgmt, 70.3% Placed)",Band 3: Premium Tier (INR 275k-350k)
110,M,52.0,Central,63.0,Others,Science,65.0,Sci&Tech,Yes,86.0,Mkt&HR,56.09,Not Placed,,11.0,2.0,59.0225,1.323076923076923,1,0,"HR (Moderate Demand, 55.8% Placed)","Tech Premium (Sci&Tech, +INR 36k/yr)",Unplaced / Not Applicable
111,F,69.5,Central,70.0,Central,Science,72.0,Sci&Tech,No,57.2,Mkt&HR,54.8,Placed,250000.0,0.5,2.0,66.575,0.7944444444444445,1,0,"HR (Moderate Demand, 55.8% Placed)","Tech Premium (Sci&Tech, +INR 36k/yr)",Band 2: Core Median (INR 240k-275k)
112,M,51.0,Others,54.0,Others,Science,61.0,Sci&Tech,No,60.0,Mkt&HR,60.64,Not Placed,,3.0,7.0,56.66,0.9836065573770492,0,0,"HR (Moderate Demand, 55.8% Placed)","Tech Premium (Sci&Tech, +INR 36k/yr)",Unplaced / Not Applicable
113,M,58.0,Others,61.0,Others,Commerce,61.0,Comm&Mgmt,No,58.0,Mkt&HR,53.94,Placed,250000.0,3.0,0.0,58.485,0.9508196721311475,0,0,"HR (Moderate Demand, 55.8% Placed)","Management (Comm&Mgmt, 70.3% Placed)",Band 2: Core Median (INR 240k-275k)
114,F,73.96,Others,79.0,Others,Commerce,67.0,Comm&Mgmt,No,72.15,Mkt&Fin,63.08,Placed,280000.0,5.040000000000006,-12.0,70.75999999999999,1.076865671641791,1,0,"Finance (High Demand, 79.2% Placed)","Management (Comm&Mgmt, 70.3% Placed)",Band 3: Premium Tier (INR 275k-350k)
115,M,65.0,Central,68.0,Others,Science,69.0,Comm&Mgmt,No,53.7,Mkt&HR,55.01,Placed,250000.0,3.0,1.0,64.2525,0.7782608695652175,1,0,"HR (Moderate Demand, 55.8% Placed)","Management (Comm&Mgmt, 70.3% Placed)",Band 2: Core Median (INR 240k-275k)
116,F,73.0,Others,63.0,Others,Science,66.0,Comm&Mgmt,No,89.0,Mkt&Fin,60.5,Placed,216000.0,-10.0,3.0,65.625,1.3484848484848484,1,0,"Finance (High Demand, 79.2% Placed)","Management (Comm&Mgmt, 70.3% Placed)",Band 1: Entry Tier (< INR 240k)
117,M,68.2,Central,72.8,Central,Commerce,66.6,Comm&Mgmt,Yes,96.0,Mkt&Fin,70.85,Placed,300000.0,4.599999999999994,-6.200000000000003,69.6125,1.4414414414414416,1,0,"Finance (High Demand, 79.2% Placed)","Management (Comm&Mgmt, 70.3% Placed)",Band 3: Premium Tier (INR 275k-350k)
118,M,77.0,Others,75.0,Others,Science,73.0,Sci&Tech,No,80.0,Mkt&Fin,67.05,Placed,240000.0,-2.0,-2.0,73.0125,1.095890410958904,1,0,"Finance (High Demand, 79.2% Placed)","Tech Premium (Sci&Tech, +INR 36k/yr)",Band 2: Core Median (INR 240k-275k)
119,M,76.0,Central,80.0,Central,Science,78.0,Sci&Tech,Yes,97.0,Mkt&HR,70.48,Placed,276000.0,4.0,-2.0,76.12,1.2435897435897436,1,0,"HR (Moderate Demand, 55.8% Placed)","Tech Premium (Sci&Tech, +INR 36k/yr)",Band 3: Premium Tier (INR 275k-350k)
120,M,60.8,Central,68.4,Central,Commerce,64.6,Comm&Mgmt,Yes,82.66,Mkt&Fin,64.34,Placed,940000.0,7.6000000000000085,-3.8000000000000114,64.535,1.2795665634674924,0,1,"Finance (High Demand, 79.2% Placed)","Management (Comm&Mgmt, 70.3% Placed)",Band 4: Executive Outlier (> INR 350k)
121,M,58.0,Others,40.0,Others,Science,59.0,Comm&Mgmt,No,73.0,Mkt&HR,58.81,Not Placed,,-18.0,19.0,53.9525,1.2372881355932204,0,0,"HR (Moderate Demand, 55.8% Placed)","Management (Comm&Mgmt, 70.3% Placed)",Unplaced / Not Applicable
122,F,64.0,Central,67.0,Others,Science,69.6,Sci&Tech,Yes,55.67,Mkt&HR,71.49,Placed,250000.0,3.0,2.5999999999999943,68.0225,0.7998563218390805,1,0,"HR (Moderate Demand, 55.8% Placed)","Tech Premium (Sci&Tech, +INR 36k/yr)",Band 2: Core Median (INR 240k-275k)
123,F,66.5,Central,66.8,Central,Arts,69.3,Comm&Mgmt,Yes,80.4,Mkt&Fin,71.0,Placed,236000.0,0.29999999999999716,2.5,68.4,1.1601731601731604,1,0,"Finance (High Demand, 79.2% Placed)","Management (Comm&Mgmt, 70.3% Placed)",Band 1: Entry Tier (< INR 240k)
124,M,74.0,Others,59.0,Others,Commerce,73.0,Comm&Mgmt,Yes,60.0,Mkt&HR,56.7,Placed,240000.0,-15.0,14.0,65.675,0.821917808219178,1,0,"HR (Moderate Demand, 55.8% Placed)","Management (Comm&Mgmt, 70.3% Placed)",Band 2: Core Median (INR 240k-275k)
125,M,67.0,Central,71.0,Central,Science,64.33,Others,Yes,64.0,Mkt&HR,61.26,Placed,250000.0,4.0,-6.670000000000002,65.8975,0.9948702005285248,0,1,"HR (Moderate Demand, 55.8% Placed)","Arts/Humanities (Others, 45.5% Placed)",Band 2: Core Median (INR 240k-275k)
126,F,84.0,Central,73.0,Central,Commerce,73.0,Comm&Mgmt,No,75.0,Mkt&Fin,73.33,Placed,350000.0,-11.0,0.0,75.8325,1.0273972602739727,1,0,"Finance (High Demand, 79.2% Placed)","Management (Comm&Mgmt, 70.3% Placed)",Band 3: Premium Tier (INR 275k-350k)
127,F,79.0,Others,61.0,Others,Science,75.5,Sci&Tech,Yes,70.0,Mkt&Fin,68.2,Placed,210000.0,-18.0,14.5,70.925,0.9271523178807947,1,0,"Finance (High Demand, 79.2% Placed)","Tech Premium (Sci&Tech, +INR 36k/yr)",Band 1: Entry Tier (< INR 240k)
128,F,72.0,Others,60.0,Others,Science,69.0,Comm&Mgmt,No,55.5,Mkt&HR,58.4,Placed,250000.0,-12.0,9.0,64.85,0.8043478260869565,1,0,"HR (Moderate Demand, 55.8% Placed)","Management (Comm&Mgmt, 70.3% Placed)",Band 2: Core Median (INR 240k-275k)
129,M,80.4,Central,73.4,Central,Science,77.72,Sci&Tech,Yes,81.2,Mkt&HR,76.26,Placed,400000.0,-7.0,4.319999999999993,76.94500000000001,1.0447761194029852,1,0,"HR (Moderate Demand, 55.8% Placed)","Tech Premium (Sci&Tech, +INR 36k/yr)",Band 4: Executive Outlier (> INR 350k)
130,M,76.7,Central,89.7,Others,Commerce,66.0,Comm&Mgmt,Yes,90.0,Mkt&Fin,68.55,Placed,250000.0,13.0,-23.700000000000003,75.2375,1.3636363636363635,1,0,"Finance (High Demand, 79.2% Placed)","Management (Comm&Mgmt, 70.3% Placed)",Band 2: Core Median (INR 240k-275k)
131,M,62.0,Central,65.0,Others,Commerce,60.0,Comm&Mgmt,No,84.0,Mkt&Fin,64.15,Not Placed,,3.0,-5.0,62.7875,1.4,0,0,"Finance (High Demand, 79.2% Placed)","Management (Comm&Mgmt, 70.3% Placed)",Unplaced / Not Applicable
132,F,74.9,Others,57.0,Others,Science,62.0,Others,Yes,80.0,Mkt&Fin,60.78,Placed,360000.0,-17.900000000000006,5.0,63.67,1.2903225806451613,0,1,"Finance (High Demand, 79.2% Placed)","Arts/Humanities (Others, 45.5% Placed)",Band 4: Executive Outlier (> INR 350k)
133,M,67.0,Others,68.0,Others,Commerce,64.0,Comm&Mgmt,Yes,74.4,Mkt&HR,53.49,Placed,300000.0,1.0,-4.0,63.1225,1.1625,0,1,"HR (Moderate Demand, 55.8% Placed)","Management (Comm&Mgmt, 70.3% Placed)",Band 3: Premium Tier (INR 275k-350k)
134,M,73.0,Central,64.0,Others,Commerce,77.0,Comm&Mgmt,Yes,65.0,Mkt&HR,60.98,Placed,250000.0,-9.0,13.0,68.745,0.8441558441558441,1,0,"HR (Moderate Demand, 55.8% Placed)","Management (Comm&Mgmt, 70.3% Placed)",Band 2: Core Median (INR 240k-275k)
135,F,77.44,Central,92.0,Others,Commerce,72.0,Comm&Mgmt,Yes,94.0,Mkt&Fin,67.13,Placed,250000.0,14.560000000000002,-20.0,77.1425,1.3055555555555556,1,0,"Finance (High Demand, 79.2% Placed)","Management (Comm&Mgmt, 70.3% Placed)",Band 2: Core Median (INR 240k-275k)
136,F,72.0,Central,56.0,Others,Science,69.0,Comm&Mgmt,No,55.6,Mkt&HR,65.63,Placed,200000.0,-16.0,13.0,65.6575,0.8057971014492754,1,0,"HR (Moderate Demand, 55.8% Placed)","Management (Comm&Mgmt, 70.3% Placed)",Band 1: Entry Tier (< INR 240k)
137,F,47.0,Central,59.0,Central,Arts,64.0,Comm&Mgmt,No,78.0,Mkt&Fin,61.58,Not Placed,,12.0,5.0,57.894999999999996,1.21875,0,0,"Finance (High Demand, 79.2% Placed)","Management (Comm&Mgmt, 70.3% Placed)",Unplaced / Not Applicable
138,M,67.0,Others,63.0,Central,Commerce,72.0,Comm&Mgmt,No,56.0,Mkt&HR,60.41,Placed,225000.0,-4.0,9.0,65.60249999999999,0.7777777777777778,1,0,"HR (Moderate Demand, 55.8% Placed)","Management (Comm&Mgmt, 70.3% Placed)",Band 1: Entry Tier (< INR 240k)
139,F,82.0,Others,64.0,Others,Science,73.0,Sci&Tech,Yes,96.0,Mkt&Fin,71.77,Placed,250000.0,-18.0,9.0,72.6925,1.3150684931506849,1,0,"Finance (High Demand, 79.2% Placed)","Tech Premium (Sci&Tech, +INR 36k/yr)",Band 2: Core Median (INR 240k-275k)
140,M,77.0,Central,70.0,Central,Commerce,59.0,Comm&Mgmt,Yes,58.0,Mkt&Fin,54.43,Placed,220000.0,-7.0,-11.0,65.1075,0.9830508474576272,0,1,"Finance (High Demand, 79.2% Placed)","Management (Comm&Mgmt, 70.3% Placed)",Band 1: Entry Tier (< INR 240k)
141,M,65.0,Central,64.8,Others,Commerce,69.5,Comm&Mgmt,Yes,56.0,Mkt&Fin,56.94,Placed,265000.0,-0.20000000000000284,4.700000000000003,64.06,0.8057553956834532,1,0,"Finance (High Demand, 79.2% Placed)","Management (Comm&Mgmt, 70.3% Placed)",Band 2: Core Median (INR 240k-275k)
142,M,66.0,Central,64.0,Central,Science,60.0,Comm&Mgmt,No,60.0,Mkt&HR,61.9,Not Placed,,-2.0,-4.0,62.975,1.0,0,0,"HR (Moderate Demand, 55.8% Placed)","Management (Comm&Mgmt, 70.3% Placed)",Unplaced / Not Applicable
143,M,85.0,Central,60.0,Others,Science,73.43,Sci&Tech,Yes,60.0,Mkt&Fin,61.29,Placed,260000.0,-25.0,13.430000000000007,69.93,0.8171047255889963,1,0,"Finance (High Demand, 79.2% Placed)","Tech Premium (Sci&Tech, +INR 36k/yr)",Band 2: Core Median (INR 240k-275k)
144,M,77.67,Others,64.89,Others,Commerce,70.67,Comm&Mgmt,No,89.0,Mkt&Fin,60.39,Placed,300000.0,-12.780000000000001,5.780000000000001,68.405,1.259374557803877,1,0,"Finance (High Demand, 79.2% Placed)","Management (Comm&Mgmt, 70.3% Placed)",Band 3: Premium Tier (INR 275k-350k)
145,M,52.0,Others,50.0,Others,Arts,61.0,Comm&Mgmt,No,60.0,Mkt&Fin,58.52,Not Placed,,-2.0,11.0,55.38,0.9836065573770492,0,0,"Finance (High Demand, 79.2% Placed)","Management (Comm&Mgmt, 70.3% Placed)",Unplaced / Not Applicable
146,M,89.4,Others,65.66,Others,Science,71.25,Sci&Tech,No,72.0,Mkt&HR,63.23,Placed,400000.0,-23.74000000000001,5.590000000000003,72.385,1.0105263157894737,1,0,"HR (Moderate Demand, 55.8% Placed)","Tech Premium (Sci&Tech, +INR 36k/yr)",Band 4: Executive Outlier (> INR 350k)
147,M,62.0,Central,63.0,Others,Science,66.0,Comm&Mgmt,No,85.0,Mkt&HR,55.14,Placed,233000.0,1.0,3.0,61.535,1.2878787878787878,1,0,"HR (Moderate Demand, 55.8% Placed)","Management (Comm&Mgmt, 70.3% Placed)",Band 1: Entry Tier (< INR 240k)
148,M,70.0,Central,74.0,Central,Commerce,65.0,Comm&Mgmt,No,83.0,Mkt&Fin,62.28,Placed,300000.0,4.0,-9.0,67.82,1.2769230769230768,1,0,"Finance (High Demand, 79.2% Placed)","Management (Comm&Mgmt, 70.3% Placed)",Band 3: Premium Tier (INR 275k-350k)
149,F,77.0,Central,86.0,Central,Arts,56.0,Others,No,57.0,Mkt&Fin,64.08,Placed,240000.0,9.0,-30.0,70.77,1.0178571428571428,0,0,"Finance (High Demand, 79.2% Placed)","Arts/Humanities (Others, 45.5% Placed)",Band 2: Core Median (INR 240k-275k)
150,M,44.0,Central,58.0,Central,Arts,55.0,Comm&Mgmt,Yes,64.25,Mkt&HR,58.54,Not Placed,,14.0,-3.0,53.885,1.1681818181818182,0,1,"HR (Moderate Demand, 55.8% Placed)","Management (Comm&Mgmt, 70.3% Placed)",Unplaced / Not Applicable
151,M,71.0,Central,58.66,Central,Science,58.0,Sci&Tech,Yes,56.0,Mkt&Fin,61.3,Placed,690000.0,-12.340000000000003,-0.6599999999999966,62.239999999999995,0.9655172413793104,0,1,"Finance (High Demand, 79.2% Placed)","Tech Premium (Sci&Tech, +INR 36k/yr)",Band 4: Executive Outlier (> INR 350k)
152,M,65.0,Central,65.0,Central,Commerce,75.0,Comm&Mgmt,No,83.0,Mkt&Fin,58.87,Placed,270000.0,0.0,10.0,65.9675,1.1066666666666667,1,0,"Finance (High Demand, 79.2% Placed)","Management (Comm&Mgmt, 70.3% Placed)",Band 2: Core Median (INR 240k-275k)
153,F,75.4,Others,60.5,Central,Science,84.0,Sci&Tech,No,98.0,Mkt&Fin,65.25,Placed,240000.0,-14.900000000000006,23.5,71.2875,1.1666666666666667,1,0,"Finance (High Demand, 79.2% Placed)","Tech Premium (Sci&Tech, +INR 36k/yr)",Band 2: Core Median (INR 240k-275k)
154,M,49.0,Others,59.0,Others,Science,65.0,Sci&Tech,Yes,86.0,Mkt&Fin,62.48,Placed,340000.0,10.0,6.0,58.87,1.323076923076923,1,0,"Finance (High Demand, 79.2% Placed)","Tech Premium (Sci&Tech, +INR 36k/yr)",Band 3: Premium Tier (INR 275k-350k)
155,M,53.0,Central,63.0,Others,Science,60.0,Comm&Mgmt,Yes,70.0,Mkt&Fin,53.2,Placed,250000.0,10.0,-3.0,57.3,1.1666666666666667,0,1,"Finance (High Demand, 79.2% Placed)","Management (Comm&Mgmt, 70.3% Placed)",Band 2: Core Median (INR 240k-275k)
156,M,51.57,Others,74.66,Others,Commerce,59.9,Comm&Mgmt,Yes,56.15,Mkt&HR,65.99,Not Placed,,23.089999999999996,-14.759999999999998,63.03,0.9373956594323873,0,1,"HR (Moderate Demand, 55.8% Placed)","Management (Comm&Mgmt, 70.3% Placed)",Unplaced / Not Applicable
157,M,84.2,Central,69.4,Central,Science,65.0,Sci&Tech,Yes,80.0,Mkt&HR,52.72,Placed,255000.0,-14.799999999999997,-4.400000000000006,67.83000000000001,1.2307692307692308,1,0,"HR (Moderate Demand, 55.8% Placed)","Tech Premium (Sci&Tech, +INR 36k/yr)",Band 2: Core Median (INR 240k-275k)
158,M,66.5,Central,62.5,Central,Commerce,60.9,Comm&Mgmt,No,93.4,Mkt&Fin,55.03,Placed,300000.0,-4.0,-1.6000000000000014,61.2325,1.5336617405582924,0,0,"Finance (High Demand, 79.2% Placed)","Management (Comm&Mgmt, 70.3% Placed)",Band 3: Premium Tier (INR 275k-350k)
159,M,67.0,Others,63.0,Others,Science,64.0,Sci&Tech,No,60.0,Mkt&Fin,61.87,Not Placed,,-4.0,1.0,63.9675,0.9375,0,0,"Finance (High Demand, 79.2% Placed)","Tech Premium (Sci&Tech, +INR 36k/yr)",Unplaced / Not Applicable
160,M,52.0,Central,49.0,Others,Commerce,58.0,Comm&Mgmt,No,62.0,Mkt&HR,60.59,Not Placed,,-3.0,9.0,54.8975,1.0689655172413792,0,0,"HR (Moderate Demand, 55.8% Placed)","Management (Comm&Mgmt, 70.3% Placed)",Unplaced / Not Applicable
161,M,87.0,Central,74.0,Central,Science,65.0,Sci&Tech,Yes,75.0,Mkt&HR,72.29,Placed,300000.0,-13.0,-9.0,74.5725,1.1538461538461537,1,0,"HR (Moderate Demand, 55.8% Placed)","Tech Premium (Sci&Tech, +INR 36k/yr)",Band 3: Premium Tier (INR 275k-350k)
162,M,55.6,Others,51.0,Others,Commerce,57.5,Comm&Mgmt,No,57.63,Mkt&HR,62.72,Not Placed,,-4.600000000000001,6.5,56.705,1.0022608695652175,0,0,"HR (Moderate Demand, 55.8% Placed)","Management (Comm&Mgmt, 70.3% Placed)",Unplaced / Not Applicable
163,M,74.2,Central,87.6,Others,Commerce,77.25,Comm&Mgmt,Yes,75.2,Mkt&Fin,66.06,Placed,285000.0,13.399999999999991,-10.349999999999994,76.2775,0.973462783171521,1,0,"Finance (High Demand, 79.2% Placed)","Management (Comm&Mgmt, 70.3% Placed)",Band 3: Premium Tier (INR 275k-350k)
164,M,63.0,Others,67.0,Others,Science,64.0,Sci&Tech,No,75.0,Mkt&Fin,66.46,Placed,500000.0,4.0,-3.0,65.115,1.171875,0,0,"Finance (High Demand, 79.2% Placed)","Tech Premium (Sci&Tech, +INR 36k/yr)",Band 4: Executive Outlier (> INR 350k)
165,F,67.16,Central,72.5,Central,Commerce,63.35,Comm&Mgmt,No,53.04,Mkt&Fin,65.52,Placed,250000.0,5.340000000000003,-9.149999999999999,67.1325,0.8372533543804261,0,0,"Finance (High Demand, 79.2% Placed)","Management (Comm&Mgmt, 70.3% Placed)",Band 2: Core Median (INR 240k-275k)
166,F,63.3,Central,78.33,Others,Commerce,74.0,Comm&Mgmt,No,80.0,Mkt&Fin,74.56,Not Placed,,15.030000000000001,-4.329999999999998,72.5475,1.0810810810810811,1,0,"Finance (High Demand, 79.2% Placed)","Management (Comm&Mgmt, 70.3% Placed)",Unplaced / Not Applicable
167,M,62.0,Others,62.0,Others,Commerce,60.0,Comm&Mgmt,Yes,63.0,Mkt&HR,52.38,Placed,240000.0,0.0,-2.0,59.095,1.05,0,1,"HR (Moderate Demand, 55.8% Placed)","Management (Comm&Mgmt, 70.3% Placed)",Band 2: Core Median (INR 240k-275k)
168,M,67.9,Others,62.0,Others,Science,67.0,Sci&Tech,Yes,58.1,Mkt&Fin,75.71,Not Placed,,-5.900000000000006,5.0,68.1525,0.8671641791044776,1,0,"Finance (High Demand, 79.2% Placed)","Tech Premium (Sci&Tech, +INR 36k/yr)",Unplaced / Not Applicable
169,F,48.0,Central,51.0,Central,Commerce,58.0,Comm&Mgmt,Yes,60.0,Mkt&HR,58.79,Not Placed,,3.0,7.0,53.9475,1.0344827586206897,0,1,"HR (Moderate Demand, 55.8% Placed)","Management (Comm&Mgmt, 70.3% Placed)",Unplaced / Not Applicable
170,M,59.96,Others,42.16,Others,Science,61.26,Sci&Tech,No,54.48,Mkt&HR,65.48,Not Placed,,-17.800000000000004,19.1,57.215,0.8893241919686582,0,0,"HR (Moderate Demand, 55.8% Placed)","Tech Premium (Sci&Tech, +INR 36k/yr)",Unplaced / Not Applicable
171,F,63.4,Others,67.2,Others,Commerce,60.0,Comm&Mgmt,No,58.06,Mkt&HR,69.28,Not Placed,,3.8000000000000043,-7.200000000000003,64.97,0.9676666666666667,0,0,"HR (Moderate Demand, 55.8% Placed)","Management (Comm&Mgmt, 70.3% Placed)",Unplaced / Not Applicable
172,M,80.0,Others,80.0,Others,Commerce,72.0,Comm&Mgmt,Yes,63.79,Mkt&Fin,66.04,Placed,290000.0,0.0,-8.0,74.51,0.8859722222222222,1,0,"Finance (High Demand, 79.2% Placed)","Management (Comm&Mgmt, 70.3% Placed)",Band 3: Premium Tier (INR 275k-350k)
173,M,73.0,Others,58.0,Others,Commerce,56.0,Comm&Mgmt,No,84.0,Mkt&HR,52.64,Placed,300000.0,-15.0,-2.0,59.91,1.5,0,0,"HR (Moderate Demand, 55.8% Placed)","Management (Comm&Mgmt, 70.3% Placed)",Band 3: Premium Tier (INR 275k-350k)
174,F,52.0,Others,52.0,Others,Science,55.0,Sci&Tech,No,67.0,Mkt&HR,59.32,Not Placed,,0.0,3.0,54.58,1.2181818181818183,0,0,"HR (Moderate Demand, 55.8% Placed)","Tech Premium (Sci&Tech, +INR 36k/yr)",Unplaced / Not Applicable
175,M,73.24,Others,50.83,Others,Science,64.27,Sci&Tech,Yes,64.0,Mkt&Fin,66.23,Placed,500000.0,-22.409999999999997,13.439999999999998,63.6425,0.995798973082309,0,1,"Finance (High Demand, 79.2% Placed)","Tech Premium (Sci&Tech, +INR 36k/yr)",Band 4: Executive Outlier (> INR 350k)
176,M,63.0,Others,62.0,Others,Science,65.0,Sci&Tech,No,87.5,Mkt&HR,60.69,Not Placed,,-1.0,3.0,62.6725,1.3461538461538463,1,0,"HR (Moderate Demand, 55.8% Placed)","Tech Premium (Sci&Tech, +INR 36k/yr)",Unplaced / Not Applicable
177,F,59.0,Central,60.0,Others,Commerce,56.0,Comm&Mgmt,No,55.0,Mkt&HR,57.9,Placed,220000.0,1.0,-4.0,58.225,0.9821428571428571,0,0,"HR (Moderate Demand, 55.8% Placed)","Management (Comm&Mgmt, 70.3% Placed)",Band 1: Entry Tier (< INR 240k)
178,F,73.0,Central,97.0,Others,Commerce,79.0,Comm&Mgmt,Yes,89.0,Mkt&Fin,70.81,Placed,650000.0,24.0,-18.0,79.9525,1.1265822784810127,1,0,"Finance (High Demand, 79.2% Placed)","Management (Comm&Mgmt, 70.3% Placed)",Band 4: Executive Outlier (> INR 350k)
179,M,68.0,Others,56.0,Others,Science,68.0,Sci&Tech,No,73.0,Mkt&HR,68.07,Placed,350000.0,-12.0,12.0,65.0175,1.0735294117647058,1,0,"HR (Moderate Demand, 55.8% Placed)","Tech Premium (Sci&Tech, +INR 36k/yr)",Band 3: Premium Tier (INR 275k-350k)
180,F,77.8,Central,64.0,Central,Science,64.2,Sci&Tech,No,75.5,Mkt&HR,72.14,Not Placed,,-13.799999999999997,0.20000000000000284,69.535,1.17601246105919,0,0,"HR (Moderate Demand, 55.8% Placed)","Tech Premium (Sci&Tech, +INR 36k/yr)",Unplaced / Not Applicable
181,M,65.0,Central,71.5,Others,Commerce,62.8,Comm&Mgmt,Yes,57.0,Mkt&Fin,56.6,Placed,265000.0,6.5,-8.700000000000003,63.975,0.9076433121019108,0,1,"Finance (High Demand, 79.2% Placed)","Management (Comm&Mgmt, 70.3% Placed)",Band 2: Core Median (INR 240k-275k)
182,M,62.0,Central,60.33,Others,Science,64.21,Sci&Tech,No,63.0,Mkt&HR,60.02,Not Placed,,-1.6700000000000017,3.8799999999999955,61.64,0.9811555832424856,0,0,"HR (Moderate Demand, 55.8% Placed)","Tech Premium (Sci&Tech, +INR 36k/yr)",Unplaced / Not Applicable
183,M,52.0,Others,65.0,Others,Arts,57.0,Others,Yes,75.0,Mkt&Fin,59.81,Not Placed,,13.0,-8.0,58.4525,1.3157894736842106,0,1,"Finance (High Demand, 79.2% Placed)","Arts/Humanities (Others, 45.5% Placed)",Unplaced / Not Applicable
184,M,65.0,Central,77.0,Central,Commerce,69.0,Comm&Mgmt,No,60.0,Mkt&HR,61.82,Placed,276000.0,12.0,-8.0,68.205,0.8695652173913043,1,0,"HR (Moderate Demand, 55.8% Placed)","Management (Comm&Mgmt, 70.3% Placed)",Band 3: Premium Tier (INR 275k-350k)
185,F,56.28,Others,62.83,Others,Commerce,59.79,Comm&Mgmt,No,60.0,Mkt&HR,57.29,Not Placed,,6.549999999999997,-3.039999999999999,59.0475,1.0035122930255895,0,0,"HR (Moderate Demand, 55.8% Placed)","Management (Comm&Mgmt, 70.3% Placed)",Unplaced / Not Applicable
186,F,88.0,Central,72.0,Central,Science,78.0,Others,No,82.0,Mkt&HR,71.43,Placed,252000.0,-16.0,6.0,77.3575,1.0512820512820513,1,0,"HR (Moderate Demand, 55.8% Placed)","Arts/Humanities (Others, 45.5% Placed)",Band 2: Core Median (INR 240k-275k)
187,F,52.0,Central,64.0,Central,Commerce,61.0,Comm&Mgmt,No,55.0,Mkt&Fin,62.93,Not Placed,,12.0,-3.0,59.9825,0.9016393442622951,0,0,"Finance (High Demand, 79.2% Placed)","Management (Comm&Mgmt, 70.3% Placed)",Unplaced / Not Applicable
188,M,78.5,Central,65.5,Central,Science,67.0,Sci&Tech,Yes,95.0,Mkt&Fin,64.86,Placed,280000.0,-13.0,1.5,68.965,1.4179104477611941,1,0,"Finance (High Demand, 79.2% Placed)","Tech Premium (Sci&Tech, +INR 36k/yr)",Band 3: Premium Tier (INR 275k-350k)
189,M,61.8,Others,47.0,Others,Commerce,54.38,Comm&Mgmt,No,57.0,Mkt&Fin,56.13,Not Placed,,-14.799999999999997,7.380000000000003,54.8275,1.0481794777491724,0,0,"Finance (High Demand, 79.2% Placed)","Management (Comm&Mgmt, 70.3% Placed)",Unplaced / Not Applicable
190,F,54.0,Central,77.6,Others,Commerce,69.2,Comm&Mgmt,No,95.65,Mkt&Fin,66.94,Not Placed,,23.599999999999994,-8.399999999999991,66.935,1.3822254335260116,1,0,"Finance (High Demand, 79.2% Placed)","Management (Comm&Mgmt, 70.3% Placed)",Unplaced / Not Applicable
191,F,64.0,Others,70.2,Central,Commerce,61.0,Comm&Mgmt,No,50.0,Mkt&Fin,62.5,Not Placed,,6.200000000000003,-9.200000000000003,64.425,0.819672131147541,0,0,"Finance (High Demand, 79.2% Placed)","Management (Comm&Mgmt, 70.3% Placed)",Unplaced / Not Applicable
192,M,67.0,Others,61.0,Central,Science,72.0,Comm&Mgmt,No,72.0,Mkt&Fin,61.01,Placed,264000.0,-6.0,11.0,65.2525,1.0,1,0,"Finance (High Demand, 79.2% Placed)","Management (Comm&Mgmt, 70.3% Placed)",Band 2: Core Median (INR 240k-275k)
193,M,65.2,Central,61.4,Central,Commerce,64.8,Comm&Mgmt,Yes,93.4,Mkt&Fin,57.34,Placed,270000.0,-3.8000000000000043,3.3999999999999986,62.184999999999995,1.4413580246913582,0,1,"Finance (High Demand, 79.2% Placed)","Management (Comm&Mgmt, 70.3% Placed)",Band 2: Core Median (INR 240k-275k)
194,F,60.0,Central,63.0,Central,Arts,56.0,Others,Yes,80.0,Mkt&HR,56.63,Placed,300000.0,3.0,-7.0,58.9075,1.4285714285714286,0,1,"HR (Moderate Demand, 55.8% Placed)","Arts/Humanities (Others, 45.5% Placed)",Band 3: Premium Tier (INR 275k-350k)
195,M,52.0,Others,55.0,Others,Commerce,56.3,Comm&Mgmt,No,59.0,Mkt&Fin,64.74,Not Placed,,3.0,1.2999999999999972,57.010000000000005,1.0479573712255774,0,0,"Finance (High Demand, 79.2% Placed)","Management (Comm&Mgmt, 70.3% Placed)",Unplaced / Not Applicable
196,M,66.0,Central,76.0,Central,Commerce,72.0,Comm&Mgmt,Yes,84.0,Mkt&HR,58.95,Placed,275000.0,10.0,-4.0,68.2375,1.1666666666666667,1,0,"HR (Moderate Demand, 55.8% Placed)","Management (Comm&Mgmt, 70.3% Placed)",Band 2: Core Median (INR 240k-275k)
197,M,72.0,Others,63.0,Others,Science,77.5,Sci&Tech,Yes,78.0,Mkt&Fin,54.48,Placed,250000.0,-9.0,14.5,66.745,1.0064516129032257,1,0,"Finance (High Demand, 79.2% Placed)","Tech Premium (Sci&Tech, +INR 36k/yr)",Band 2: Core Median (INR 240k-275k)
198,F,83.96,Others,53.0,Others,Science,91.0,Sci&Tech,No,59.32,Mkt&HR,69.71,Placed,260000.0,-30.959999999999994,38.0,74.41749999999999,0.6518681318681319,1,0,"HR (Moderate Demand, 55.8% Placed)","Tech Premium (Sci&Tech, +INR 36k/yr)",Band 2: Core Median (INR 240k-275k)
199,F,67.0,Central,70.0,Central,Commerce,65.0,Others,No,88.0,Mkt&HR,71.96,Not Placed,,3.0,-5.0,68.49,1.353846153846154,1,0,"HR (Moderate Demand, 55.8% Placed)","Arts/Humanities (Others, 45.5% Placed)",Unplaced / Not Applicable
200,M,69.0,Others,65.0,Others,Commerce,57.0,Comm&Mgmt,No,73.0,Mkt&HR,55.8,Placed,265000.0,-4.0,-8.0,61.7,1.280701754385965,0,0,"HR (Moderate Demand, 55.8% Placed)","Management (Comm&Mgmt, 70.3% Placed)",Band 2: Core Median (INR 240k-275k)
201,M,69.0,Others,60.0,Others,Commerce,65.0,Comm&Mgmt,No,87.55,Mkt&Fin,52.81,Placed,300000.0,-9.0,5.0,61.7025,1.346923076923077,1,0,"Finance (High Demand, 79.2% Placed)","Management (Comm&Mgmt, 70.3% Placed)",Band 3: Premium Tier (INR 275k-350k)
202,M,54.2,Central,63.0,Others,Science,58.0,Comm&Mgmt,No,79.0,Mkt&HR,58.44,Not Placed,,8.799999999999997,-5.0,58.41,1.3620689655172413,0,0,"HR (Moderate Demand, 55.8% Placed)","Management (Comm&Mgmt, 70.3% Placed)",Unplaced / Not Applicable
203,M,70.0,Central,63.0,Central,Science,66.0,Sci&Tech,No,61.28,Mkt&HR,60.11,Placed,240000.0,-7.0,3.0,64.7775,0.9284848484848485,1,0,"HR (Moderate Demand, 55.8% Placed)","Tech Premium (Sci&Tech, +INR 36k/yr)",Band 2: Core Median (INR 240k-275k)
204,M,55.68,Others,61.33,Others,Commerce,56.87,Comm&Mgmt,No,66.0,Mkt&HR,58.3,Placed,260000.0,5.649999999999999,-4.460000000000001,58.045,1.160541586073501,0,0,"HR (Moderate Demand, 55.8% Placed)","Management (Comm&Mgmt, 70.3% Placed)",Band 2: Core Median (INR 240k-275k)
205,F,74.0,Others,73.0,Others,Commerce,73.0,Comm&Mgmt,Yes,80.0,Mkt&Fin,67.69,Placed,210000.0,-1.0,0.0,71.9225,1.095890410958904,1,0,"Finance (High Demand, 79.2% Placed)","Management (Comm&Mgmt, 70.3% Placed)",Band 1: Entry Tier (< INR 240k)
206,M,61.0,Others,62.0,Others,Commerce,65.0,Comm&Mgmt,No,62.0,Mkt&Fin,56.81,Placed,250000.0,1.0,3.0,61.2025,0.9538461538461539,1,0,"Finance (High Demand, 79.2% Placed)","Management (Comm&Mgmt, 70.3% Placed)",Band 2: Core Median (INR 240k-275k)
207,M,41.0,Central,42.0,Central,Science,60.0,Comm&Mgmt,No,97.0,Mkt&Fin,53.39,Not Placed,,1.0,18.0,49.0975,1.6166666666666667,0,0,"Finance (High Demand, 79.2% Placed)","Management (Comm&Mgmt, 70.3% Placed)",Unplaced / Not Applicable
208,M,83.33,Central,78.0,Others,Commerce,61.0,Comm&Mgmt,Yes,88.56,Mkt&Fin,71.55,Placed,300000.0,-5.329999999999998,-17.0,73.47,1.4518032786885247,0,1,"Finance (High Demand, 79.2% Placed)","Management (Comm&Mgmt, 70.3% Placed)",Band 3: Premium Tier (INR 275k-350k)
209,F,43.0,Central,60.0,Others,Science,65.0,Comm&Mgmt,No,92.66,Mkt&HR,62.92,Not Placed,,17.0,5.0,57.730000000000004,1.4255384615384614,1,0,"HR (Moderate Demand, 55.8% Placed)","Management (Comm&Mgmt, 70.3% Placed)",Unplaced / Not Applicable
210,M,62.0,Central,72.0,Central,Commerce,65.0,Comm&Mgmt,No,67.0,Mkt&Fin,56.49,Placed,216000.0,10.0,-7.0,63.8725,1.0307692307692307,1,0,"Finance (High Demand, 79.2% Placed)","Management (Comm&Mgmt, 70.3% Placed)",Band 1: Entry Tier (< INR 240k)
211,M,80.6,Others,82.0,Others,Commerce,77.6,Comm&Mgmt,No,91.0,Mkt&Fin,74.49,Placed,400000.0,1.4000000000000057,-4.400000000000006,78.6725,1.172680412371134,1,0,"Finance (High Demand, 79.2% Placed)","Management (Comm&Mgmt, 70.3% Placed)",Band 4: Executive Outlier (> INR 350k)
212,M,58.0,Others,60.0,Others,Science,72.0,Sci&Tech,No,74.0,Mkt&Fin,53.62,Placed,275000.0,2.0,12.0,60.905,1.0277777777777777,1,0,"Finance (High Demand, 79.2% Placed)","Tech Premium (Sci&Tech, +INR 36k/yr)",Band 2: Core Median (INR 240k-275k)
213,M,67.0,Others,67.0,Others,Commerce,73.0,Comm&Mgmt,Yes,59.0,Mkt&Fin,69.72,Placed,295000.0,0.0,6.0,69.18,0.8082191780821918,1,0,"Finance (High Demand, 79.2% Placed)","Management (Comm&Mgmt, 70.3% Placed)",Band 3: Premium Tier (INR 275k-350k)
214,F,74.0,Others,66.0,Others,Commerce,58.0,Comm&Mgmt,No,70.0,Mkt&HR,60.23,Placed,204000.0,-8.0,-8.0,64.5575,1.206896551724138,0,0,"HR (Moderate Demand, 55.8% Placed)","Management (Comm&Mgmt, 70.3% Placed)",Band 1: Entry Tier (< INR 240k)
215,M,62.0,Central,58.0,Others,Science,53.0,Comm&Mgmt,No,89.0,Mkt&HR,60.22,Not Placed,,-4.0,-5.0,58.305,1.679245283018868,0,0,"HR (Moderate Demand, 55.8% Placed)","Management (Comm&Mgmt, 70.3% Placed)",Unplaced / Not Applicable
