intervention_stage,intervention_efficacy,final_graduates,graduation_rate_pct,expected_placed,expected_placed_pct
Stage_1_Early,0.0,753.6,75.36,518.8,51.88
Stage_1_Early,0.1,759.9,75.99,523.1,52.31
Stage_1_Early,0.25,769.3,76.93,529.6,52.96
Stage_1_Early,0.5,784.9,78.49,540.3,54.03
Stage_1_Early,0.75,800.6,80.06,551.1,55.11
Stage_1_Early,1.0,816.2,81.62,561.8,56.18
Stage_2_Mid,0.0,753.6,75.36,518.8,51.88
Stage_2_Mid,0.1,761.6,76.16,524.3,52.43
Stage_2_Mid,0.25,773.5,77.35,532.5,53.25
Stage_2_Mid,0.5,793.4,79.34,546.2,54.62
Stage_2_Mid,0.75,813.2,81.32,559.8,55.98
Stage_2_Mid,1.0,833.1,83.31,573.5,57.35
Stage_3_Late,0.0,753.6,75.36,518.8,51.88
Stage_3_Late,0.1,761.8,76.18,524.4,52.44
Stage_3_Late,0.25,774.0,77.4,532.8,53.28
Stage_3_Late,0.5,794.4,79.44,546.8,54.68
Stage_3_Late,0.75,814.8,81.48,560.9,56.09
Stage_3_Late,1.0,835.2,83.52,574.9,57.49
