budget_usd,budget_kUSD,total_dropout_reductions,cost_used_usd,roi_per_dollar,n_Advising_Boost,n_Emergency_Scholarship,n_WorkStudy_Conversion
10000,10.0,533.3,10000.0,0.053333,66.7,0.0,0.0
25000,25.0,1333.3,25000.0,0.053333,166.7,0.0,0.0
50000,50.0,2666.7,50000.0,0.053333,333.3,0.0,0.0
75000,75.0,4000.0,75000.0,0.053333,500.0,0.0,0.0
100000,100.0,5333.3,100000.0,0.053333,666.7,0.0,0.0
150000,150.0,8000.0,150000.0,0.053333,1000.0,0.0,0.0
200000,200.0,10666.7,200000.0,0.053333,1333.3,0.0,0.0
300000,300.0,16000.0,300000.0,0.053333,2000.0,0.0,0.0
400000,400.0,20670.4,400000.0,0.051676,2516.0,45.2,0.0
500000,500.0,23070.4,500000.0,0.046141,2516.0,245.2,0.0
