perturbed_lever,efficacy_change_pct,modified_efficacy_pp,total_dropout_reductions,optimal_allocation_json
Advising_Boost,-30.0,5.6,3733.3,"{""Advising_Boost"": 666.7, ""Emergency_Scholarship"": 0.0, ""WorkStudy_Conversion"": 0.0}"
Advising_Boost,-15.0,6.8,4533.3,"{""Advising_Boost"": 666.7, ""Emergency_Scholarship"": 0.0, ""WorkStudy_Conversion"": 0.0}"
Advising_Boost,0.0,8.0,5333.3,"{""Advising_Boost"": 666.7, ""Emergency_Scholarship"": 0.0, ""WorkStudy_Conversion"": 0.0}"
Advising_Boost,15.0,9.2,6133.3,"{""Advising_Boost"": 666.7, ""Emergency_Scholarship"": 0.0, ""WorkStudy_Conversion"": 0.0}"
Advising_Boost,30.0,10.4,6933.3,"{""Advising_Boost"": 666.7, ""Emergency_Scholarship"": 0.0, ""WorkStudy_Conversion"": 0.0}"
Emergency_Scholarship,-30.0,8.4,5333.3,"{""Advising_Boost"": 666.7, ""Emergency_Scholarship"": 0.0, ""WorkStudy_Conversion"": 0.0}"
Emergency_Scholarship,-15.0,10.2,5333.3,"{""Advising_Boost"": 666.7, ""Emergency_Scholarship"": 0.0, ""WorkStudy_Conversion"": 0.0}"
Emergency_Scholarship,0.0,12.0,5333.3,"{""Advising_Boost"": 666.7, ""Emergency_Scholarship"": 0.0, ""WorkStudy_Conversion"": 0.0}"
Emergency_Scholarship,15.0,13.8,5333.3,"{""Advising_Boost"": 666.7, ""Emergency_Scholarship"": 0.0, ""WorkStudy_Conversion"": 0.0}"
Emergency_Scholarship,30.0,15.6,5333.3,"{""Advising_Boost"": 666.7, ""Emergency_Scholarship"": 0.0, ""WorkStudy_Conversion"": 0.0}"
WorkStudy_Conversion,-30.0,10.5,5333.3,"{""Advising_Boost"": 666.7, ""Emergency_Scholarship"": 0.0, ""WorkStudy_Conversion"": 0.0}"
WorkStudy_Conversion,-15.0,12.75,5333.3,"{""Advising_Boost"": 666.7, ""Emergency_Scholarship"": 0.0, ""WorkStudy_Conversion"": 0.0}"
WorkStudy_Conversion,0.0,15.0,5333.3,"{""Advising_Boost"": 666.7, ""Emergency_Scholarship"": 0.0, ""WorkStudy_Conversion"": 0.0}"
WorkStudy_Conversion,15.0,17.25,5333.3,"{""Advising_Boost"": 666.7, ""Emergency_Scholarship"": 0.0, ""WorkStudy_Conversion"": 0.0}"
WorkStudy_Conversion,30.0,19.5,5333.3,"{""Advising_Boost"": 666.7, ""Emergency_Scholarship"": 0.0, ""WorkStudy_Conversion"": 0.0}"
