variable,coefficient,std_error,t_stat,p_value,ci_lo,ci_hi
Intercept,1.7376951524280366,0.04440772821573267,39.13046720125642,0.0,1.6506576044899575,1.8247327003661158
C(Gender)[T.Male],0.0031587423273961076,0.004762216183298278,0.6632925104228226,0.5071432323758426,-0.006175029878462314,0.012492514533254529
C(Gender)[T.Other],0.0024248192468944835,0.019915183257909624,0.12175731528513196,0.9030912198231924,-0.036608222684123434,0.041457861177912406
C(Gender)[T.Prefer not to say],-0.002163426794639888,0.041414523914554496,-0.05223835964173876,0.9583387680705344,-0.08333440210403947,0.07900754851475969
C(First_Generation)[T.1],0.005472563956573856,0.005049930571498003,1.0836909298241073,0.2785018585281861,-0.004425118087990001,0.015370246001137714
Work_Hours,-0.0027427107961212607,0.0002461711349296814,-11.141480080126835,7.879877106396388e-29,-0.0032251973546167864,-0.002260224237625735
Financial_Stress,-0.05568222232024442,0.0012771726029022512,-43.59804007204035,0.0,-0.0581854346239741,-0.05317901001651473
Scholarship,0.01878766213126452,0.0056907228577809735,3.3014544199030866,0.0009618496148013627,0.007634050284014961,0.02994127397851408
Age,0.0007386547711032409,0.0011110752825509026,0.6648107312830985,0.5061715579867323,-0.0014390127668091925,0.002916322309015674
Failed_Courses,-0.13813246263032555,0.00196752738429403,-70.20611948427288,0.0,-0.14198874544213816,-0.13427617981851295
Attendance,0.014233022571020415,0.0004367890480964783,32.58557565270413,6.565677543251349e-233,0.013376931767909784,0.015089113374131045
